11001,1774.418564236,-32.4308468281525,2108.20392003768,-19.7204332384514
11002,766.001678906444,-32.2264104994234,907.579565368283,-19.7000129422767
11003,629.920577106605,-33.2078074683892,754.590659042284,-19.9886995074655
11004,639.225239034485,-32.1512733941585,756.459354550878,-19.707794997461
11005,349.207274382648,-32.1021900237133,413.029967252272,-19.6928807379959
11006,425.823145377168,-32.0235709748813,503.323259117173,-19.6518127971526
11007,479.077797286015,-31.8029936349106,565.18886921955,-19.5450318716565
11008,207.589519365911,-30.8401532822149,242.899652624891,-19.0763445348615
12001,4403.24980483839,-32.5076680260709,5241.22085623632,-19.6633773561785
12002,1969.90993964468,-32.505929513248,2344.76320664944,-19.6625135193311
12003,1119.95106812393,-32.5017675545675,1332.99580244995,-19.6617931948823
12004,2758.5602411627,-32.6018395413626,3285.98913871407,-19.7155023364495
12005,1314.9620680017,-32.48613153767,1564.81133184887,-19.658164294157
13001,1879.07813568777,-39.0061963021371,2409.69501153161,-21.7826753908329
13002,1171.26899652334,-37.5578109784934,1478.63865400489,-21.1714519875966
13003,1554.7821316847,-37.4551683465854,1959.32358997281,-21.1815201679554
13004,1204.9869898075,-34.9148030768083,1473.20540963255,-20.4274693376042
13005,1483.18164172082,-37.7338548055747,1878.25853645329,-21.1479461087589
13006,2048.0155826225,-37.717549436727,2593.1380496741,-21.1397638997656
13007,6041.54798064197,-37.7081260207814,7648.59399923931,-21.1385467689034
13008,771.392423197265,-38.4180383579426,983.707300549417,-21.468472559842
13009,1230.60445552565,-37.7600852493444,1559.01170074057,-21.1503298938405
13010,592.067643856668,-39.8372759556738,772.575492571873,-21.4950409040369
13011,438.429596181136,-34.7294093791178,533.929804018632,-20.5119500098943
13012,304.597819573332,-37.5132178611471,384.19125563285,-21.1850061040815
13013,273.64033418247,-37.6741271191683,346.172067443069,-21.1538886077945
14001,7801.20649275703,-41.9918942475082,10448.4163138102,-22.3078072551616
14002,2108.72059765801,-42.0002061051899,2824.5384479744,-22.3118283131359
14003,1592.38570028002,-42.046155214263,2133.56099980356,-22.3504311789703
14004,1235.14818628825,-41.9235243751078,1654.19491662783,-22.2200122860909
15001,876.502321781195,-39.4554887831162,1161.96441447391,-19.7371578174812
15002,428.063868012766,-34.9047424899062,559.594923281086,-14.9029424010224
15003,621.549288818984,-31.0658623382419,803.754341449825,-10.8580551592038
15004,128.71942327083,-28.9244760302229,164.542414780209,-9.14395008475766
15005,130.754539373184,-27.4677479618201,165.626256742284,-8.12368384485022
15006,107.698876564051,-27.2453764233092,136.310449287387,-7.91718777516292
15007,788.467447358717,-27.2079940374602,997.858283356364,-7.8768484923893
15008,282.693593841837,-27.0524614764824,357.279647593574,-7.80593750885369
15009,109.484072835397,-26.9249662952442,138.225373717196,-7.74161408461142
15010,165.260275047511,-26.5778242783803,207.912307788961,-7.62829123466064
15011,127.110277831139,-27.5390534068464,161.061525032686,-8.18468213003685
15012,170.297958409315,-27.1501479905321,215.255021979335,-7.91847041525333
15013,165.65035360128,-26.3626933487055,207.881141157853,-7.58964888594386
15014,279.402284736271,-40.1485782388316,369.95639985958,-20.7507678681314
15015,215.068004209939,-30.1217172322476,276.948476199384,-10.0159784201673
15016,275.922123930308,-27.1248548179135,348.053070658509,-8.0739967712179
15017,197.268514267263,-25.4497885199978,245.434595602287,-7.24723063575208
15018,96.9553271151017,-24.5239946125607,119.132178245921,-7.26016615433603
15019,1824.40963569837,-24.514691925504,2248.10042966822,-6.98440186052111
15020,200.622344011463,-24.8689323297655,248.264564992933,-7.02739555500557
15021,103.683586775305,-22.5628488524878,125.512773901961,-6.25949635931556
15022,52.2325228719374,-21.7062194874476,62.6802517355277,-6.04562824037851
16001,1247.62033253286,-31.1033382745385,1613.62966768342,-10.8914030449843
16002,803.221358198311,-31.0980108407438,1038.83429149215,-10.8866461778228
16003,2249.13729887098,-31.0942819765693,2908.851303783,-10.8829470698943
16004,536.380308519877,-31.0748341037303,693.663288925424,-10.8638842516994
17001,62.738793390424,-23.1309060001703,76.555967196256,-6.20176894324687
17002,132.316645743974,-21.319075037418,158.901169569232,-5.51082270075855
17003,71.2957490655538,-19.1310481112155,83.9685638296721,-4.75659716726554
17004,60.5435032889856,-10.5203679910011,66.8171998292309,-1.24822437093734
17005,83.5481912223871,-5.08399717374942,89.1281864910045,1.25522859448759
17006,139.310387695556,-14.1361739299788,158.542292184681,-2.282607736062
17007,50.5324704743412,-15.4420189749759,58.1818178549392,-2.64206352868799
17008,49.1509132068908,3.48713693385673,50.7193625913276,6.78950357631973
21001,69.1806992241459,-23.1013848148405,84.8768190322558,-5.65417930000057
21002,946.764481491167,-22.0812294801744,1154.4781738677,-4.986380817684
21003,94.5034839918714,-21.335781199271,114.687685752574,-4.53455444493781
21004,73.8480466499164,-16.7943548781321,87.6548410634496,-1.23804312233113
21005,105.223634420402,-22.3970576712837,128.27528936475,-5.39634999680276
21006,97.4897003684606,-20.6639399125994,117.959453074909,-4.00587732183119
21007,102.462945101754,-25.386965697118,127.494221693568,-7.1593079118068
21008,129.388173668338,-22.682867227528,157.724069486889,-5.75048340050493
21009,158.415352158943,-23.6388483264032,194.064175738773,-6.45500100816234
21010,108.413428510077,-20.3871507855278,130.618273689329,-4.08113578921985
21011,63.8067422386984,-20.6704843862457,76.653066608929,-4.69893257287806
21012,75.0085135352843,-17.5321292375167,89.1255168497238,-2.01123500807561
21013,73.3061078534433,-13.7781432992728,85.2618171149466,0.284033521815459
21014,91.1491453802097,-15.8013504963618,107.311987724025,-0.870991118741541
21015,87.8692976646287,-18.5862819092226,105.070373723134,-2.6489341176186
21016,53.2037345574143,-14.882304567353,62.2165881776193,-0.463141405117282
21017,121.766782151266,-13.8194779583383,141.35007106477,0.0406079537778452
21018,53.1778176097068,-13.1724737370436,61.4198265220832,0.284890206531537
21019,83.8306747174895,-21.3960852258212,100.865730424525,-5.42314845200009
21020,214.934142320308,-15.5688532973986,249.421750239861,-2.02131612046108
21021,105.490473833718,-16.8164741378666,124.008276333175,-2.21443428399774
22001,94.5450441284444,-13.4193292154527,109.623130173707,0.38859499654935
22002,155.319943102847,-12.3193880230679,179.24948238612,1.18922269857126
22003,401.547938465625,-11.7054387541879,459.739295626743,1.08999575475829
22004,76.9317584133117,-9.01335361675293,87.1120902014608,3.02685276324549
22005,48.2421648944652,-9.46135663889266,54.4212936491704,2.13534379585089
22006,48.833626406039,-5.62443424481839,54.0683920925632,4.49224169388368
22007,171.096228861392,-14.5097287447568,198.851894189066,-0.641279547931687
22008,66.5577531792746,-9.63495198367623,75.0785067770203,1.93362224270428
22009,99.8446797360552,-5.1087080417555,109.720280705257,4.27695514339292
22010,45.2809921767665,-3.0043169414087,49.0614872705383,5.09382062785139
22011,37.2128960870037,5.1902013315413,38.7277928764197,9.47238076478424
22012,28.6397693002603,5.43673966977639,29.6803620143,9.26766099956048
22013,92.5771690207811,-0.502256327307734,99.8439718111328,7.30777382377752
22014,38.3814338192492,4.61886536656413,40.6821925877412,10.8901988705533
22015,68.7989987339684,5.85941404709807,72.0109766718128,10.801609554146
23001,173.923919012487,-8.71109890386224,198.104759217388,3.98090080739213
23002,148.876690310486,-7.84295783787065,168.782936371102,4.47932548043803
23003,70.2549250207986,-8.2622051364396,79.8768341630068,4.3019350547626
23004,46.7619261862408,-7.56353774217356,53.0337006847943,4.83416898222828
23005,317.941049640549,-6.78137785315685,359.099687843823,5.28611562428878
23006,87.8988988928652,-5.68447307216899,98.614423698722,5.8132860704619
23007,90.4757341946813,-4.5815877234257,100.902722909095,6.41502608480595
23008,187.170061992865,-5.45388945496012,210.153857207179,6.1560251859821
23009,265.694944453206,-2.66968304419609,293.911203596623,7.66659735205944
23010,244.824976939211,-4.02337358301766,272.819897561162,6.95123395783478
23011,97.378933053456,-2.45223136324337,107.560979991201,7.74746920635055
23012,100.466205185341,-0.46311081481444,109.758874748667,8.74360122186501
23013,139.322575534187,1.84655836855296,150.369051650482,9.92167161011827
23014,77.4995573514381,2.57585360106517,83.3163757450533,10.2748022448845
23015,194.844594436068,2.61142105782279,209.409936258553,10.2819978419713
23016,1261.79876794586,0.782575382035564,1369.63440256107,9.39563893112213
23017,500.187817956538,1.93250464671031,539.581792483192,9.96054201054594
23018,94.3468915645789,-2.45618391851473,103.966746911593,7.4896381974935
23019,151.771763700455,3.60590667404662,162.259270357873,10.7651279250855
23020,63.6301507701668,5.26828377403685,67.3670961748092,11.4506018189034
23021,86.7557098312941,6.50475175619481,91.3971715184669,12.2027942912571
23022,215.98538123602,7.02560479422516,227.016023797368,12.4915357967827
23023,240.807074610399,8.0227470811548,251.849229403171,12.9761060982865
23024,111.654799694182,8.3240990841097,116.59760133511,13.1194552727515
23025,63.1446250515347,9.68897145555718,65.4325300341302,13.6633072620352
23026,150.105663111659,9.03457509152061,156.119498986637,13.4029381879255
23027,58.4876724098929,8.21613804564595,61.0897060020357,13.0305205437791
23028,48.1157484994491,11.2089367049193,49.4366058718819,14.26180709576
23029,53.3077429924883,8.10924305052927,55.710689740216,12.9824704543641
23030,45.2972856426476,9.93191900388269,46.8771781749917,13.7661579750801
23031,61.8864825307584,13.4154189461179,62.8988946704566,15.2708022588299
23032,200.918971625693,12.0776276962199,205.696394013687,14.7425933956599
23033,71.4601229749297,15.4156007746524,71.9388355184201,16.1887717895509
24001,837.020957516073,9.84173630224555,866.99619206553,13.7753675684809
24002,271.125131111106,10.291899112887,279.953936457923,13.8833983760051
24003,98.8871191037683,12.0822206251491,101.227066643727,14.7344014026043
24004,344.466028604216,12.4674066828078,352.86248220793,15.2088304625884
24005,72.9541533564701,10.6779538610564,75.1529377452567,14.01370578108
24006,119.264811041351,10.8678198346626,122.739014875289,14.0974179144887
24007,82.4569893483744,11.5902082436558,84.511059345167,14.3700101804052
24008,1053.16396133283,12.6308933332007,1078.79869219376,15.3724062820192
24009,116.660248417624,14.569209933402,118.340041890974,16.2188944977969
24010,138.084288803685,15.3210085899832,139.598437983093,16.5855493428652
24011,175.552766056503,15.1106635139097,177.5486735582,16.419388189651
24012,189.908255237677,17.0021191552474,190.484794474617,17.3573238956294
24013,142.312431263225,15.3633190780855,143.82411373992,16.5887405423646
24014,134.883429150259,18.1191693319029,134.540723673586,17.8190576985832
24015,188.594433159287,19.2639754654585,187.114565713057,18.3281319633852
24016,185.813187761453,15.6873765756235,187.451660034733,16.7074901702034
24017,625.421015315176,18.8212205955504,621.676178226076,18.1097540746597
24018,1247.50731513444,18.7365172144404,1240.49347994297,18.0689472909231
24019,305.462860306557,21.9239447807821,299.655405716505,19.6059288621077
25001,118.117450154495,12.916243615384,120.35604162981,15.0562605227192
25002,141.240715230223,12.3229829638478,144.282358470707,14.7418778365209
25003,149.167336294884,13.6216188764585,151.509514678264,15.405669636009
25004,183.629769400928,17.8363271964537,183.508503636078,17.7585102259743
25005,79.6294265781448,15.836834308617,80.1097041103833,16.5354934766504
25006,80.9378771517028,15.9608267831081,81.2906569397097,16.4662593114777
25007,81.7231283835012,18.776674823435,81.2690440946421,18.116707162051
25008,95.1389871099759,18.219077958364,94.8975670416594,17.9190909735958
25009,105.048952541472,19.0426694577302,104.363281561596,18.2656592939984
25010,115.368017833672,24.3475307592951,112.214321096392,20.9483703211765
25011,107.033277864825,25.9776426357069,103.449435692603,21.7594779915744
25012,136.226645813746,21.3225819942013,134.034414862982,19.3701950901159
25013,112.042772244623,21.4406076165572,110.148228178006,19.3871544754296
25014,128.101206760622,23.7838700343615,124.806503362867,20.600206527182
25015,158.371354873572,24.0254670308232,154.137416716672,20.709740157688
25016,193.079871424188,23.717599949623,188.121393784131,20.5404124545885
25017,529.420566608148,25.3608630063705,512.736544818954,21.4102734338682
25018,126.569831663591,27.5373126295906,121.588513168421,22.5179176768138
25019,79.0668484413878,30.1296298960631,75.2732198561558,23.8860082835827
25020,212.182291168519,25.0042906187407,205.704119106722,21.1877642789063
25021,141.187606256144,28.036485713045,135.375044265294,22.7653430821013
25022,1049.06133756421,28.6201951676918,1003.63849659957,23.0511264576499
25023,341.611026984065,31.6501184058791,323.399052762719,24.6315845376591
26001,90.1913050239919,13.0783773717756,91.9232336174204,15.2498025997017
26002,155.894111602246,18.636620810967,154.678194801256,17.7112987511786
26003,147.554424500581,20.0472814763371,145.96944973824,18.757778216291
26004,132.114832467971,29.9141550255381,125.97859229448,23.8801280939589
26005,229.334804908725,22.2313811217662,224.335484502731,19.5668320659086
26006,237.585236864838,28.711220385028,227.49596089466,23.2453798300369
26007,96.6519567216429,36.8443619038258,90.0569803192302,27.5068857867295
26008,351.97274915276,34.5927693542068,330.175513824759,26.2576062652378
26009,216.988383426061,31.3722104695646,205.709800978635,24.5437697775471
26010,158.909257086521,32.9376143423888,149.826213297652,25.3390754378733
26011,194.110193663759,43.0484684834467,177.417871458695,30.7471509596347
26012,141.668478387131,38.6755763253505,131.144836548901,28.3742579687699
26013,376.502642950833,32.4998437979559,355.453534574252,25.0921837875918
26014,317.398865629139,36.5663284421,295.710628922177,27.2345910662212
26015,269.289741925956,42.1985708209634,246.585348872424,30.2095057326341
26016,437.746445361221,34.9274284233167,409.937501713113,26.3558242598338
26017,1437.31436736815,37.1514497735782,1336.39911611075,27.5219119852924
26018,2141.37787737826,40.2895147663247,1971.66911981169,29.171271927392
27001,52.9673625277828,38.9513049821884,49.0426786880759,28.6555319788841
27002,91.2087868556378,41.162137838372,83.8890105307287,29.8334565770118
27003,77.6424958926631,44.2719223373307,70.7450982611207,31.4554768587714
27004,73.9876948092183,46.9426145335489,66.8958170414472,32.8578526844908
27005,115.086745148526,48.5048370385179,103.551796715732,33.6204501784226
27006,207.727075932179,50.9186844376567,185.632854837487,34.8667048566497
27007,43.6316384735895,52.0376876424637,38.8702543145479,35.4462906002389
27008,192.096555804698,47.9909832835589,173.060503963982,33.3256290925733
27009,203.363046209253,48.5082053354852,182.904263870198,33.5679440384746
27010,150.316816068098,50.0165624612185,134.622406712642,34.3535022464647
27011,717.442928153936,52.2293308082704,638.674543471945,35.5160034919893
27012,308.422142734231,52.5051020052272,274.358795220778,35.6618421759383
27013,144.108035895557,53.5469470107957,127.828448156207,36.2010649408795
28001,423.3555394603,49.9120284637715,379.515392976254,34.3880428890216
28002,174.186237640112,52.5237566936168,155.026193291213,35.7465303059137
28003,105.981110177581,53.0798304740748,94.1480853072056,35.9881295273924
28004,168.892017162879,53.8104348070082,149.762964120051,36.3895524267232
28005,101.144727043815,53.5075880609653,89.803691635771,36.2952721796965
28006,126.772442545286,54.7169261630464,112.160118390403,36.883603463328
28007,149.921293716621,53.2005704717323,133.120411729666,36.0321973806168
28008,211.246910538605,54.1974376809952,187.082879345868,36.5591598739328
28009,300.74222756799,54.1925394006185,266.312451078224,36.5401641060565
28010,612.67741055532,54.7727538098531,541.733432968769,36.8510961999491
28011,580.1595860807,55.6139850296447,511.831270393531,37.2865424611703
28012,114.480200395191,57.1125150216077,100.631575018512,38.1066751033404
28013,320.351309413428,57.8727463877809,281.01385702507,38.486805197717
29001,192.898292813097,16.4714482798284,189.72017879049,14.5525119449683
29002,23.3056985850427,20.4149610798492,22.7014706445744,17.2930600705593
29003,58.8612517491798,32.282677471877,54.841806837263,23.249520359202
29004,129.653298046421,18.0652201427591,128.274090108947,16.8092822590796
29005,327.029168103031,31.5963851494433,310.054121473696,24.7656342805787
29006,34.798523129892,26.3840995151643,33.5143433326018,21.7201111415694
29007,29.0448646043373,40.0029758636455,26.6409670803797,28.41563291645
29008,106.283367590233,44.5760253352721,96.5161811674351,31.2898355603958
29009,52.8403536361111,40.525993270699,48.501164524352,28.9861602082906
29010,72.4436770929701,45.6935225414664,65.5577797906782,31.8451002348212
29011,56.5905173106549,48.534462660558,50.8306262974401,33.4163411573613
29012,249.272386137519,57.6257083579981,218.786570577275,38.3482089646084
29013,69.7390545503534,48.464720400393,62.80117540604,33.6949433511715
29014,82.7727061950459,44.4118239663765,75.362130258806,31.4827458102028
29015,91.5218248744224,52.3278393993781,81.5370844369218,35.7093558858011
29016,87.4225368375853,50.9877048085283,78.150608202468,34.9741312563713
29017,229.117937088122,58.9474746769905,200.439258226203,39.0520285146012
29018,175.505370888424,60.5798845465237,152.906506055365,39.9028927974667
29019,233.467626754232,61.8462981377507,202.683892958121,40.5061516385391
29020,128.192361282177,62.3499313744526,111.151952476676,40.7690105419237
29021,909.686369398524,64.5045868905997,784.409790790169,41.8499967985647
29022,26.5433710662406,43.4890797258269,24.1319385838805,30.4532740306382
29023,55.9496320986993,52.6328189207585,49.5797550558357,35.2555413094281
29024,86.7453334275732,65.9491402088044,74.4933562752918,42.5103568882398
29025,40.4345272681966,57.5530531834774,35.3020379796287,37.5543191193499
29026,41.2920835336464,60.6034580835712,35.6800935571798,38.775908591755
29027,54.7891563340414,70.3679018492371,46.3688121557277,44.1846848315947
29028,117.526390417504,81.0531422416558,97.5089657432424,50.2156628977746
29029,103.228992098813,94.2881257128577,83.5205620613147,57.1947292272732
29030,193.961959418064,72.3684535449764,164.079082990244,45.8123947549288
29031,200.412453673579,84.4936997624038,165.254540974898,52.1283787915419
29032,239.427725060315,122.699481931442,184.999390273679,72.0739248606333
31001,69.9928881634372,46.8692552082578,60.9651297558445,27.9258998429643
31002,93.3406336583735,64.3126016259125,76.9799843713624,35.5120595332056
31003,30.994766392712,60.2619268077877,26.4866324853824,36.9521132366154
31004,45.4288969124895,82.567325402387,37.2973911714316,49.888846382771
31005,53.45335335586,93.6102707113778,43.0983774585078,56.1041170122972
31006,84.1814413467038,74.8757570417567,68.9381300203071,43.2098035325015
31007,93.5877996732376,78.1359690598571,76.7645467549318,46.1144184752199
31008,44.7919687283047,99.3640654641689,35.6122298515147,58.5060698382732
31009,36.6488045521851,89.5244267113666,29.3461942418975,51.7599470928562
31010,41.6459766793514,106.860486425024,32.3672539577196,60.771974433148
31011,44.5727946114961,107.775040399756,34.9252732582166,62.8033450773778
31012,36.0655071709463,110.983991142645,28.2313609518521,65.1540675908952
31013,44.5277259800965,103.17917220218,35.3922618993314,61.4942222354496
31014,52.3231528006108,107.619473604674,41.3583378304288,64.1108356417248
31015,85.3716087732258,120.670167644866,65.844551286374,70.1962558707454
31016,104.429559944674,123.957250167057,80.4883483116918,72.6134742684429
31017,73.4808596952529,29.9985110061477,64.1779581711084,13.5403020087135
31018,252.389476947822,43.3391092892868,214.180559908501,21.6391866080543
31019,92.7826287851627,59.7405505528066,76.4024173967925,31.5393234523298
31020,80.5227623233977,75.4408755608005,64.5293008634975,40.5947426064484
31021,151.786691497945,35.8203680794678,129.44491613852,15.8287066042785
31022,179.332643405121,56.9555187259014,146.836672744397,28.5143948194549
31023,172.820653897187,69.526035557928,139.076528987504,36.4252018883981
31024,101.650289862767,87.1542517503265,80.284558662735,47.8165632770424
31025,60.0858834466647,100.057117561582,46.9295486344696,56.2528449234146
31026,82.8692773530925,90.1040120684413,64.8587348862858,48.787416922083
31027,200.720014345999,102.478608853529,155.432704696577,56.7945175763772
31028,37.0980954356777,112.553956040359,28.5324501162898,63.476994614368
31029,102.772889554085,100.011519932972,79.5671483802528,54.8496529903605
31030,592.748740557628,106.097438501706,455.71850066042,58.452324294427
31031,371.124210062638,114.343462399092,283.463619503486,63.7149289136947
31032,155.106649649149,105.86453382878,118.914429406905,57.8285884631129
31033,659.333795944619,112.51484638741,502.510887773986,61.9680725910482
31034,229.214216043938,110.08823071145,174.675286840786,60.1001133121739
31035,47.6988537965682,115.744562361113,36.6339085428973,65.6972010244212
31036,31.3508107663462,114.087009737432,24.2101562423959,65.3252285511662
31037,134.543466689385,123.45377696439,102.74817393268,70.6472124317785
31038,49.0545403646432,129.660458038645,37.2856651135724,74.5616789925224
31039,357.716834325813,119.357612364414,272.829654461835,67.3034530168261
31040,65.8998432914446,122.851386955078,50.067325309331,69.3110685706901
31041,71.3413961585039,128.786700183197,54.014999435655,73.2221984249418
31042,72.2495260490629,86.560063678102,56.5458055968717,46.0104954282782
31043,145.734146796185,98.5077591178236,112.780415466123,53.6207404971978
31044,91.4427840351965,94.8100765596794,70.8242708897124,50.8843128507302
31045,59.8701442488901,98.6793055615598,46.0195495899045,52.7160535436238
31046,59.6704909986373,103.457314658493,45.7344643661099,55.9399152168157
31047,132.324273944999,79.4948418135421,104.10519825908,41.2163130496228
31048,105.006651899254,81.5644374384258,82.145382286027,42.0355744437644
31049,103.624115895397,91.4502058887713,80.0268975146877,47.8532856318162
31050,169.518832910435,96.9882304743194,130.217184924529,51.3180122540315
31051,159.810608134576,84.3592812612352,124.054822077619,43.1110118544881
31052,227.55325581888,88.4022599639833,175.485799568213,45.2931144019905
31053,110.271752691369,96.0207687802629,84.4888157573681,50.1886223251215
31054,95.9993214291411,102.312241747096,73.1080649042151,54.0704275861074
31055,51.1162538717379,108.214156625786,38.7472052338866,57.8307494837876
31056,135.215062007867,98.4142751386416,103.217488093615,51.461107790894
31057,116.809852687775,103.178964889357,89.2374848535846,55.2196102014133
31058,83.6510724593592,109.025015220355,63.6122742481686,58.9526135410257
31059,108.121843909136,112.441004890362,82.0256589225163,61.1664468369382
31060,77.2680631826497,119.663724593258,58.5885529030276,66.5601442446672
31061,112.756511897244,125.878454721704,85.1148876223495,70.5056228368277
31062,64.7409193505252,117.737235001693,49.0285892514671,64.8933868524309
31063,104.604044508874,125.18923267729,78.7515722898224,69.5346123502028
31064,163.191036750412,118.623442241892,123.261639820614,65.1309074969462
31065,260.31256660805,117.333593062443,196.176781768793,63.7869635446177
31066,157.781589310006,122.922963618796,118.593213439956,67.5553575085892
32001,99.7637247067739,131.113588239361,75.7636270201502,75.5147349411926
32002,132.200698202409,135.03838027996,99.9713498805045,77.7381244563403
32003,193.261223350996,134.461523769846,145.835264106107,76.9250843434626
32004,120.093847203757,131.524576952788,91.4487425591852,76.3007175376538
32005,185.642263508944,137.581417716516,140.287979986199,79.5378732392023
32006,606.162124025948,138.220515536794,455.582136413834,79.0428783062859
32007,121.694372165754,133.617106160759,91.4400863670155,75.5378493185859
32008,135.446121346212,135.401882079692,101.829112263375,76.9763832220147
32009,1077.76153531255,138.645974274585,807.138735324675,78.7226613264265
32010,652.335897956409,136.2118185603,488.261034009637,76.8000613439423
32011,82.6448753836915,129.072622309165,62.1693518318751,72.3191714582579
32012,220.848207332578,131.864152621828,165.562581280924,73.8208703536132
32013,1178.77819279884,134.938535651448,881.783628057337,75.745492750699
33001,155.059813655665,127.873226626367,116.396454941158,71.0542217870329
33002,118.947575422404,126.748852174453,89.1992060547208,70.0397634500329
33003,2401.8773663882,132.086351483726,1794.84051951021,73.4301648775165
33004,1653.5589602003,130.464225600751,1233.59026073051,71.9312289375193
33005,253.087416057998,120.122371103519,190.083269898643,65.3246168020104
33006,203.219535102909,125.322738558263,152.208304630244,68.7632638920744
33007,206.804136864427,124.638543175473,154.864914693145,68.2201785376668
33008,88.924329871135,127.536238420532,66.5095174549076,70.1820575177218
33009,1398.60884553557,128.046517606943,1043.33295722627,70.1179342312066
33010,681.437455975682,128.085519346184,508.011635707412,70.0377587820246
33011,783.4857683941,109.984671721744,591.752270814854,58.5975283027099
33012,169.8439949119,115.050368142649,127.899936310965,61.942307135213
33013,487.291236318066,106.254518551137,368.564010446955,56.0011485213619
33014,118.167724367345,115.745296556443,88.9087981132821,62.3256698740971
33015,391.119392884747,121.539389272697,293.195799236829,66.0731211029155
33016,224.657176955416,124.754873756002,167.89276001012,67.96577163484
33017,479.363000296254,113.219138479251,360.958902488592,60.5533722199436
33018,1112.09799719528,119.077924484589,834.193139050259,64.3320120918475
35001,75.6483835210154,23.2950302423774,66.299115938934,8.0571867403205
35002,85.0538965199925,27.6883990357016,73.7139478485318,10.6641361829646
35003,89.009320037702,32.9551799659177,76.1162685303314,13.6965452213064
35004,202.348840447164,40.7604430995645,169.661927008951,18.0223616311842
35005,122.317893719626,48.5202973927056,100.827283626084,22.4260628928891
35006,47.5653703961335,28.739640019351,40.9767104716307,10.9068827039709
35007,90.680106266976,35.2118162878997,76.9033660348388,14.669514938698
35008,71.8477740032645,44.2156780535784,59.6379123549787,19.7075634880817
35009,135.710484078338,52.289097014382,111.52107809657,25.144673948649
35010,163.058715243996,60.954327594844,131.869354787823,30.1674878186038
35011,78.5802051308475,62.836573530953,63.5221957365402,31.632854351511
35012,128.408330309253,67.9556868448151,102.789657819842,34.4469438867161
35013,141.343308566815,54.7876827355662,115.081415184665,26.0277954647102
35014,313.513923575098,65.4640449373847,250.589017432851,32.254006356411
35015,101.838472017632,72.987364214913,80.58954168344,36.892984771929
35016,113.269254000767,20.6307226924687,99.6370874819532,6.11258965155177
35017,163.661437076066,27.0848645342324,141.147535961883,9.60257839309852
35018,110.405574489384,32.6543797593602,93.8633490962203,12.7785839988788
35019,198.994826235196,39.9839350013308,166.16617533311,16.8904515123307
35020,238.786623346596,47.2925452816098,195.927248309942,20.855275262657
35021,181.167071350594,54.5192467708578,146.624379783753,25.0574320903233
35022,110.98957838966,51.681136079767,89.9814038373657,22.9708388672952
35023,180.18040593625,58.0212947712153,144.583128457161,26.8018741669234
35024,200.171155976638,56.4761886492243,161.927580427279,26.5807278717449
35025,246.968288901371,63.4601619294937,197.26896380257,30.5658184306775
35026,248.678311935105,64.8363078124559,197.914953452758,31.187838352949
35027,305.946416952852,70.5836779475881,241.453937078173,34.6252100349574
35028,376.501538274307,67.1519008410166,298.047536966548,32.321404510823
35029,140.157915384758,73.2301067993882,110.42530529919,36.48167766923
35030,154.341048723253,79.444528017198,120.687219505087,40.3169235984045
35031,267.322638326135,76.0684980922923,209.305268794507,37.8561297696482
35032,873.896779803523,73.0175484627365,686.074070486279,35.8316639707431
35033,187.49460586307,80.4568704573852,145.873780275761,40.3983103896689
35034,83.5940674618707,18.3147309433254,73.8147532418381,4.47359405545771
35035,92.5512482560594,24.9377292307904,80.063481661872,8.08011541314276
35036,191.190546987567,22.3517151023909,166.255101541492,6.39436488168318
35037,108.179367758095,31.892674115052,91.9184573282319,12.0673136550446
35038,172.116610693285,40.4146270292949,143.180143195844,16.807938082584
35039,164.2018002495,32.6227749124267,138.807110996138,12.11195133009
35040,137.410586300907,45.0650923886284,112.817775265588,19.1023299772791
35041,104.45445141063,50.3213936158873,84.674334587112,21.8556395322495
35042,155.827507715186,60.8979835966649,124.200979231907,28.242358567849
35043,232.719519487181,63.9467722024005,184.803552465124,30.1908236359303
35044,101.115636924236,56.1773517638767,80.9938531613728,25.0984108953732
35045,87.6338563230628,67.4807182135526,69.1059179170271,32.0712022860574
35046,518.98220702441,70.5032224709959,407.958003862601,34.0280135810837
35047,896.815304544353,75.6162740242004,700.658584515784,37.2044492909821
35048,304.622773747823,80.6066378986971,236.631757092988,40.2957025924959
35049,83.913355928963,93.5672146860944,64.2911642673935,48.3037051539279
35050,776.327296511532,90.9259967318083,595.677848368091,46.4979879514611
35051,220.13222390763,102.043270313374,167.285107335245,53.5387666592559
35052,43.6302663364277,106.332119803687,33.0372880399163,56.2368109623388
35053,72.0455619595124,95.5751797555863,55.0100085385098,49.3303961501672
35054,327.451028087759,94.0662285898849,250.192976564499,48.2786835793259
35055,198.979348838291,64.7771739755509,157.144096968309,30.132902517545
35056,93.5271947886736,74.7209407676631,72.9166439160054,36.217756251661
35057,1232.55159022638,76.3673749797558,960.852340901805,37.4895837641
35058,127.367938510146,77.7129671273906,99.1759302865861,38.3774366218892
35059,537.572147179771,81.7238982057083,416.329500595133,40.7383551828303
35060,341.000727874146,76.3798919052954,265.632546912627,37.3963047031071
35061,1589.14455921097,79.4167685999958,1233.39531347712,39.2521531586273
35062,353.841282231053,84.1598759176216,273.225005600461,42.2024101080326
35063,475.918795506913,81.3926352889673,368.280043474375,40.3669874794468
41001,117.828829127532,17.192124201407,103.756083037336,3.19542220692288
41002,152.520590751231,11.6789113151066,136.251982190487,-0.233319575992649
41003,147.131571504776,18.4482842546278,128.871277051225,3.74783263920237
41004,134.55917581828,17.7694449026311,117.825548004657,3.12376914820293
41005,172.603111098621,22.8595191167813,149.017691921934,6.07133239307977
41006,118.831882205856,23.795286859584,102.619398322911,6.90563522957181
41007,96.6472502266619,27.5741310039652,82.6478107326858,9.09490553404183
41008,96.9318067839884,22.977300416678,83.7905515786368,6.30500116982519
41009,257.33988408304,25.4225047397885,220.963246710203,7.69323207158458
41010,201.401583379017,28.6382338424751,171.375102848314,9.45986712275504
41011,286.684537255441,28.9677711253079,243.907813578761,9.72425432653148
41012,65.4979502618805,28.7278846450808,55.6783216025927,9.42865435991544
41013,88.0291905393842,28.760911633439,74.7600800639922,9.35209109439417
41014,65.7017373074634,31.7673152008036,55.4958928453849,11.2991087387453
41015,101.976247099073,34.0782251832662,85.6843631250355,12.6576792201608
41016,98.3523846477162,39.1632024943566,81.6937017649567,15.5920845432622
41017,60.1641131569794,37.9235046731965,50.0037079974093,14.6312359938405
41018,88.7168588760339,42.062548227031,73.1214234265168,17.0895348816828
41019,193.354926720138,36.162882513595,161.113736573161,13.4582457063026
41020,159.320911605182,43.3650656929324,130.741662373915,17.6480025515356
41021,331.483849826598,42.1553177582397,272.292330589425,16.771308159718
41022,313.474722964865,10.3372128806192,280.654396626309,-1.21492535808196
41023,323.973584084981,14.0906420328206,286.351094492102,0.841493943639328
41024,428.525239184994,10.081008930936,383.655042766628,-1.4453984798786
41025,164.678216916488,11.7811193554456,146.363133795177,-0.650886107828954
41026,234.763397010811,14.1845997734283,207.021687277491,0.691542238637637
41027,375.102809018442,17.6552742955566,326.794729798733,2.50289426897317
41028,77.57072226819,24.3770675805947,66.5642688363182,6.72929581451998
41029,252.238707214018,23.2880543656833,216.556594492491,5.84751836832141
41030,225.805820253933,20.7675751445817,194.750538325028,4.1582995742371
41031,127.100937527737,37.2649986767377,105.484138289379,13.9195381587855
41032,160.133616511291,38.285813027618,132.488452561686,14.4124124491499
41033,170.989857779643,33.7833073842926,142.787904138282,11.7179598728511
41034,144.223003035181,40.2154244267055,118.7364107013,15.4370375807892
41035,53.0314914368471,49.5610232606881,42.9208688853459,21.0467383776035
41036,146.266881628291,44.1896091721854,119.485258588495,17.7883369489993
41037,1039.67149601471,47.9004552438545,843.009107883219,19.9238714426386
41038,307.855055028138,55.2903928762183,246.358940978563,24.2700943456441
41039,200.455364864142,46.522201749025,162.817860681182,19.0111895844812
42001,326.939179372445,13.5121975395005,288.460044694599,0.152369741912196
42002,598.699153827564,16.2780169112527,523.180502260229,1.61095251351226
42003,397.266683680891,19.712285063157,343.459240248814,3.4979578334551
42004,510.121400923543,30.6879109593734,428.63648587171,9.81230506723352
42005,478.168519588234,23.2786675966116,409.004292821444,5.44714299415113
42006,291.012500638677,41.0653471785949,239.003905586246,15.8547101742028
42007,305.622010889536,47.0246924672453,247.88579659312,19.2496996699443
42008,972.024043780804,51.5107113953161,781.993010209191,21.8903154104252
42009,401.569384812797,35.2462726853168,333.609331900719,12.3577154509541
42010,415.499613787428,40.3658153023563,341.106688957951,15.2340866558919
42011,381.161380080076,46.2254813943892,309.435412748769,18.7091467140625
42012,858.825167156593,49.6154566874373,692.850223508968,20.7010536841736
42013,877.084774324903,52.8237176391642,703.928284038474,22.6528386619409
42014,260.978126802145,47.142477387546,211.436698552469,19.2104488482303
42015,311.002074747538,51.1658186365734,250.219545630901,21.6218331818893
42016,848.420168102238,52.2364820600925,681.383002654646,22.264127091314
42017,193.03942659938,50.6532076037396,155.419505154979,21.293599904729
42018,537.851931386785,51.2626033183146,432.538088803638,21.6447009459863
42019,678.778392762474,47.8701955497883,549.064047647545,19.6122460006058
42020,422.088069078083,45.8104204670375,342.653154745112,18.3696110550309
43001,465.668255209422,13.5359741299932,410.613996863048,0.113030260759723
43002,381.137513829446,13.6439585421596,335.913804126125,0.159582944992208
43003,258.655687275891,16.0393755937667,225.951127096484,1.36729634333346
43004,597.131317266623,21.827487155504,512.5126094578,4.56347128394704
43005,251.946358167105,27.2133021491471,213.346831838901,7.72354551473317
43006,356.580935613131,13.5969022258811,314.331041560347,0.137245232398413
43007,489.669423986021,13.8659069263978,431.068466883554,0.239058280406264
43008,579.990421827163,14.7311905140642,508.58480481478,0.606040958295409
43009,422.690096874001,17.2036994040767,367.6150680531,1.93247074191136
43010,640.79712966975,23.6702898860588,547.102755899631,5.58779571069471
43011,676.496939084372,17.7519650884237,587.05040879459,2.18278198728704
43012,564.967629342203,19.1783489923675,488.184997134709,2.98126642954567
43013,199.851638543963,20.6728388588574,171.896013764205,3.79289417176705
43014,569.011060217099,25.786169272945,483.124100685196,6.79990980393451
43015,557.197046230383,33.1430703932257,464.463679517726,10.984293250464
43016,1674.6034474098,28.388818372926,1412.09439219066,8.26272376592592
43017,623.727365221069,15.5328688558281,545.411223289783,1.02638884619312
43018,640.324704510134,16.2367325753885,558.293381489237,1.34576727352657
43019,317.614512673034,17.7602223801873,275.543864029984,2.16191455039203
43020,962.623740180857,20.6438401051111,827.844557788183,3.75221625317461
43021,804.60671705401,25.1921775830667,683.890878364814,6.40948736442136
43022,403.361537598098,21.0072283496156,346.453077565151,3.93486428823809
43023,737.706339973088,29.0484830534518,620.728263413255,8.58526820415602
43024,859.457473037688,30.9281435207001,719.436897812688,9.59767104936954
43025,2208.32222135621,26.3987912360434,1869.92502290977,7.02978954433159
43026,2211.62960117414,29.855097423765,1856.28398907622,8.99109784011623
43027,608.483624946901,38.4272665255427,500.93445585657,13.9603180590708
43028,472.288674594103,26.9601381839488,399.17963359918,7.30704369636985
43029,758.634765748167,14.1615629611494,666.873843139928,0.353112812700665
43030,616.78730110068,16.9521806569901,536.505485168059,1.72953676716316
43031,621.623890260951,18.0192648255314,538.583833949406,2.25357989851678
43032,643.788383913173,21.2681054204957,552.364214703484,4.04686305773041
43033,743.244991066515,24.2650525243806,632.556101462596,5.75869076503804
43034,553.120904885447,23.2441848764421,471.748755410104,5.11316841122702
43035,2046.17772712567,26.0218651125341,1731.72258880584,6.65491448065923
50001,220.038576062527,-11.1564045232293,217.73394764277,-12.0869298825236
50002,79.847310068757,-8.88465567225191,77.9127232091406,-11.0922509900416
50003,118.571168235639,-10.9161202693702,118.4841061417,-10.9815310199007
50004,244.110011557144,-7.66974098500455,237.433576550247,-10.194983475271
50005,120.381539565633,2.07776618824663,114.056922062887,-3.28520581730295
50006,189.291686854841,16.2717715708649,169.587496689481,4.16854011911883
50007,258.444974338183,9.40152907785907,235.270117053455,-0.408546856497566
50008,143.595075455443,11.350468195443,129.075220749866,0.0910805425734849
50009,118.173305745542,-7.73039552373073,114.341606335958,-10.722182770129
50010,298.353967754667,-2.21259781976309,280.987421902074,-7.90459319207029
50011,157.354453837717,3.10728266363908,144.862047980166,-5.07842794377564
51001,208.831366886866,-35.9883867925334,258.642813717761,-20.7200335974365
51002,148.062363508002,-37.006404235171,188.22791470315,-19.9178448220155
51003,108.446888060159,-36.5833501913026,137.054114105663,-19.8546595983593
51004,561.266502321735,-27.5331312412663,637.748925886457,-17.658246978821
51005,160.121289843705,-31.8384889571705,190.60412274985,-18.8623509696671
51006,326.502186787238,-28.7790944813756,378.623407856906,-17.409735525942
51007,187.134354451623,-32.9617247675471,226.93495576387,-18.7037138694076
51008,56.847418230074,-22.99298530772,62.926297459079,-14.7583748948775
51009,64.0130963869147,-21.7959213114966,75.8457104605696,-7.34015000317475
51010,82.9347998243484,-15.1644621314453,89.5118655992809,-8.43666012559243
51011,52.0563146028456,-5.66133235544551,53.0298496373181,-3.8970507546805
51012,171.944959185864,-26.8738205120809,193.772524039655,-17.5908125492994
51013,196.095065050605,-26.3609847189916,220.250645235025,-17.2899092288305
51014,162.28984665593,-26.5957489185399,182.495033538012,-17.4568739882762
51015,39.6335265067171,-26.6450896830374,44.7266148630702,-17.2186501873411
51016,38.2009587048093,-25.4616494236303,42.581660877717,-16.9139499572883
51017,249.681974468398,-24.1711992141561,274.715853784969,-16.5683714504186
51018,76.316606744277,-25.1924240467955,84.6862676656369,-16.9882589012567
51019,171.829590646893,-21.3281863837129,186.24336130592,-14.7288720599935
51020,47.3750680719706,-12.3622781649316,49.0857562038855,-9.19772734204811
51021,181.814381691491,-19.4840739715967,193.787240257127,-14.1819312827141
51022,146.14555909006,-10.0497566604195,147.770849336258,-9.04941662919856
52001,51.5370042797836,-0.607720353538896,52.3939535000549,1.04495887635262
52002,37.8886715679631,3.55371869012108,37.1514444488949,1.5387995457069
52003,31.2713274094227,-2.98542235798077,31.1581130932456,-3.3366527014565
52004,84.1123868388759,5.44291264923005,83.9114716081186,5.19104621287238
52005,41.6962081220962,16.9169954264891,40.3560507358626,13.1591675075035
52006,46.7780059167433,11.2688979083796,44.9401442190393,6.89725269597969
52007,155.636873104334,19.4561167978293,144.202972064552,10.680243890466
52008,26.7149964074785,6.96230478745936,25.5976264238854,2.48854529588083
52009,44.2277745627435,13.756514616062,41.4207719854608,6.53673399479225
52010,158.446783076561,24.7110809916956,143.898479231127,13.2603297430376
52011,27.6455612683084,27.2216572132953,25.844469013337,18.9332401597349
52012,54.2384981252324,28.0282852025827,49.525511817542,16.9034278408678
52013,169.428971266418,4.32144039734595,161.364354754081,-0.64413546922982
52014,89.2675638472552,17.703376517624,82.065834762215,8.20756646589173
52015,113.072291178121,29.135326253694,100.048511625823,14.2613902608983
52016,54.7170412697473,34.1914559575279,48.3355097428288,18.5409933783401
52017,264.467719660988,47.3326966995955,224.178100856082,24.8876958687393
52018,124.060045506154,15.8858655814569,112.485546545608,5.07399762475823
53001,725.488966530738,31.5028643091718,656.757426037062,19.0445157190871
